{
    "Single-threaded": 0.00052642822265625,
    "ThreadPool": 0.001008749008178711,
    "ProcessPool": 0.27881932258605957,
    "Processes": 0.24086737632751465
}